Голубые ступени / Stepping into the blue,"[""Михаил Садовский"", ""Mikhail Sadovsky""]"
Blue Sails (??????? ??????),"[""Friedrich Müller""]"
"Илон Маск: Tesla, SpaceX и дорога в будущее","[""Эшли Вэнс""]"
Elon Musk,"[""Ashlee Vance""]"
On Being Blue,"[""William H. Gass""]"
Blue Sky Law,"[""Joseph C. Long""]"
Koreana - Autumn 2015 (Russian),"[""The Korea Foundation""]"
Koreana - Autumn 2013 (Russian),"[""The Korea Foundation""]"
At the End of the Rainbow?,"[""Gordon MacMillan""]"
Rainbow Bridge to Monument Valley,"[""Thomas J. Harvey""]"
A New Year's Tale,"[""Владимир Дудинцев""]"
Exclusive New year. Play for 6-7 people,"[""Nikolay Lakutin""]"
Daily Weather Reports,
Juice Alive,"[""Steven Bailey"", ""Steven Bailey, ND"", ""Larry Trivieri""]"
